Year,total_pop,fem_pop,male_pop,total_death,fem_death,male_death,total_mortality,fem_mortality,male_mortality,Grouped Age_0-24,Grouped Age_24-64,Grouped Age_65+,max_temp,min_temp,median_temp,diff_temp
1876,1349931.0,680575.0,669356.0,29015.0,13480.0,15535.0,0.02149,0.01981,0.02321,1,0,0,13.58,-4.41,3.66,17.99
1876,1248984.0,647407.0,601577.0,21958.0,10280.0,11678.0,0.01758,0.01588,0.01941,0,1,0,13.58,-4.41,3.66,17.99
1876,149006.49,76654.0,72352.49,15846.0,7939.0,7907.0,0.10634,0.10357,0.10928,0,0,1,13.58,-4.41,3.66,17.99
1877,1363749.0,687192.0,676557.0,30429.0,14187.0,16242.0,0.02231,0.02064,0.02401,1,0,0,13.51,-3.45,2.63,16.96
1877,1252775.0,649420.0,603355.0,20147.0,9693.0,10454.0,0.01608,0.01493,0.01733,0,1,0,13.51,-3.45,2.63,16.96
1877,149627.44000000003,77169.43,72458.01,14777.0,7547.0,7230.0,0.09876,0.0978,0.09978,0,0,1,13.51,-3.45,2.63,16.96
1878,1376956.0,693685.0,683271.0,29486.0,13953.0,15533.0,0.02141,0.02011,0.02273,1,0,0,12.16,-6.36,4.28,18.52
1878,1256613.0,651316.0,605297.0,20203.0,9679.0,10524.0,0.01608,0.01486,0.01739,0,1,0,12.16,-6.36,4.28,18.52
1878,150903.4,78007.07000000002,72896.33,15622.0,8048.0,7574.0,0.10352,0.10317,0.1039,0,0,1,12.16,-6.36,4.28,18.52
1879,1389040.0,700182.0,688858.0,26540.0,12392.0,14148.0,0.01911,0.0177,0.02054,1,0,0,14.02,-8.4,2.16,22.42
1879,1260243.0,652978.0,607265.0,20798.0,9993.0,10805.0,0.0165,0.0153,0.01779,0,1,0,14.02,-8.4,2.16,22.42
1879,152121.16,78745.48,73375.68,16313.0,8268.0,8045.0,0.10724,0.105,0.10964,0,0,1,14.02,-8.4,2.16,22.42
1880,1398315.0,705054.0,693261.0,26559.0,12378.0,14181.0,0.01899,0.01756,0.02046,1,0,0,13.67,-6.41,4.57,20.08
1880,1264785.0,655041.0,609744.0,20127.0,9702.0,10425.0,0.01591,0.01481,0.0171,0,1,0,13.67,-6.41,4.57,20.08
1880,153558.59,79738.58,73820.01,15536.99,7914.0,7622.99,0.10118,0.09925,0.10326,0,0,1,13.67,-6.41,4.57,20.08
1881,1414367.0,713111.0,701256.0,28251.0,13400.0,14851.0,0.01997,0.01879,0.02118,1,0,0,15.24,-6.82,2.78,22.06
1881,1270358.0,657665.0,612693.0,20234.0,9683.0,10551.0,0.01593,0.01472,0.01722,0,1,0,15.24,-6.82,2.78,22.06
1881,155192.49,80926.48000000001,74266.01000000001,15494.0,7940.0,7554.0,0.09984,0.09811,0.10172,0,0,1,15.24,-6.82,2.78,22.06
1882,1421099.0,716630.0,704469.0,25944.0,12196.0,13748.0,0.01826,0.01702,0.01952,1,0,0,10.95,-2.38,3.94,13.33
1882,1273528.0,660120.0,613408.0,20766.0,9928.0,10838.0,0.01631,0.01504,0.01767,0,1,0,10.95,-2.38,3.94,13.33
1882,156372.88000000003,81830.87,74542.01,16139.0,8395.0,7744.0,0.10321,0.10259,0.10389,0,0,1,10.95,-2.38,3.94,13.33
1883,1426698.0,719443.0,707255.0,23415.0,11173.0,12242.0,0.01641,0.01553,0.01731,1,0,0,11.64,-4.36,2.86,16.0
1883,1276345.0,662525.0,613820.0,19770.0,9602.0,10168.0,0.01549,0.01449,0.01657,0,1,0,11.64,-4.36,2.86,16.0
1883,157195.55,82453.48000000001,74742.07,15548.0,8081.0,7467.0,0.09891,0.09801,0.0999,0,0,1,11.64,-4.36,2.86,16.0
1884,1432849.0,722246.0,710603.0,23339.0,10921.0,12418.0,0.01629,0.01512,0.01748,1,0,0,13.19,-2.54,2.86,15.73
1884,1280389.0,665413.0,614976.0,19710.0,9634.0,10076.0,0.01539,0.01448,0.01638,0,1,0,13.19,-2.54,2.86,15.73
1884,158134.6,83274.98999999999,74859.60999999999,15252.0,7842.0,7410.0,0.09645,0.09417,0.09899,0,0,1,13.19,-2.54,2.86,15.73
1885,1439999.0,725897.0,714102.0,24614.0,11622.0,12992.0,0.01709,0.01601,0.01819,1,0,0,13.75,-6.02,3.19,19.77
1885,1284287.0,668024.0,616263.0,20747.0,10094.0,10653.0,0.01615,0.01511,0.01729,0,1,0,13.75,-6.02,3.19,19.77
1885,159877.17,84455.63,75421.54,16187.0,8477.0,7710.0,0.10125,0.10037,0.10223,0,0,1,13.75,-6.02,3.19,19.77
1886,1444457.0,728338.0,716119.0,23265.0,11133.0,12132.0,0.01611,0.01529,0.01694,1,0,0,13.09,-5.25,5.2,18.34
1886,1286555.0,669959.0,616596.0,20512.0,9935.0,10577.0,0.01594,0.01483,0.01715,0,1,0,13.09,-5.25,5.2,18.34
1886,161793.35,85701.34000000001,76092.01000000001,16284.0,8404.0,7880.0,0.10065,0.09806,0.10356,0,0,1,13.09,-5.25,5.2,18.34
1887,1449579.0,730914.0,718665.0,22394.0,10601.0,11793.0,0.01545,0.0145,0.01641,1,0,0,14.59,-5.75,1.6,20.34
1887,1288500.0,671908.0,616592.0,19944.0,9671.0,10273.0,0.01548,0.01439,0.01666,0,1,0,14.59,-5.75,1.6,20.34
1887,164062.94,87171.4,76891.54,16601.0,8656.0,7945.0,0.10119,0.0993,0.10333,0,0,1,14.59,-5.75,1.6,20.34
1888,1454906.0,733486.0,721420.0,21653.0,10147.0,11506.0,0.01488,0.01383,0.01595,1,0,0,10.81,-5.32,1.78,16.13
1888,1290329.0,673857.0,616472.0,20038.0,9811.0,10227.0,0.01553,0.01456,0.01659,0,1,0,10.81,-5.32,1.78,16.13
1888,166359.86,88579.98000000001,77779.88,16538.0,8674.0,7864.0,0.09941,0.09792,0.10111,0,0,1,10.81,-5.32,1.78,16.13
1889,1463280.0,737236.0,726044.0,23391.0,11101.0,12290.0,0.01599,0.01506,0.01693,1,0,0,11.68,-6.14,2.59,17.82
1889,1291360.0,675448.0,615912.0,19781.0,9794.0,9987.0,0.01532,0.0145,0.01621,0,1,0,11.68,-6.14,2.59,17.82
1889,168521.81000000003,89979.8,78542.01,16543.0,8601.0,7942.0,0.09817,0.09559,0.10112,0,0,1,11.68,-6.14,2.59,17.82
1890,1477442.0,742943.0,734499.0,22610.0,10659.0,11951.0,0.0153,0.01435,0.01627,1,0,0,11.44,-6.74,2.63,18.18
1890,1302166.0,680778.0,621388.0,21403.0,10352.0,11051.0,0.01644,0.01521,0.01778,0,1,0,11.44,-6.74,2.63,18.18
1890,170260.41,91163.4,79097.01,17792.0,9338.0,8454.0,0.1045,0.10243,0.10688,0,0,1,11.44,-6.74,2.63,18.18
1891,1489324.0,747700.0,741624.0,24322.0,11285.0,13037.0,0.01633,0.01509,0.01758,1,0,0,11.26,-8.53,3.19,19.79
1891,1311816.0,685657.0,626159.0,19778.0,9740.0,10038.0,0.01508,0.01421,0.01603,0,1,0,11.26,-8.53,3.19,19.79
1891,170707.9,91609.0,79098.90000000001,17083.0,9099.0,7984.0,0.10007,0.09932,0.10094,0,0,1,11.26,-8.53,3.19,19.79
1892,1504178.0,754199.0,749979.0,21536.0,10048.0,11488.0,0.01432,0.01332,0.01532,1,0,0,13.37,-4.81,3.52,18.18
1892,1323500.0,691219.0,632281.0,19151.0,9202.0,9949.0,0.01447,0.01331,0.01574,0,1,0,13.37,-4.81,3.52,18.18
1892,172796.88,92763.31,80033.56999999999,16491.0,8839.0,7652.0,0.09544,0.09529,0.09561,0,0,1,13.37,-4.81,3.52,18.18
1893,1520628.0,761643.0,758985.0,22818.0,10754.0,12064.0,0.01501,0.01412,0.01589,1,0,0,13.3,-8.48,6.36,21.78
1893,1336823.0,697585.0,639238.0,20352.0,9875.0,10477.0,0.01522,0.01416,0.01639,0,1,0,13.3,-8.48,6.36,21.78
1893,175468.08,94218.0,81250.08,17889.0,9547.0,8342.0,0.10195,0.10133,0.10267,0,0,1,13.3,-8.48,6.36,21.78
1894,1536859.0,769090.0,767769.0,23345.0,11019.0,12326.0,0.01519,0.01433,0.01605,1,0,0,13.03,-5.06,4.72,18.09
1894,1349628.0,703388.0,646240.0,20494.0,10022.0,10472.0,0.01518,0.01425,0.0162,0,1,0,13.03,-5.06,4.72,18.09
1894,176704.33000000002,94954.0,81750.33,18046.01,9533.01,8513.0,0.10213,0.1004,0.10413,0,0,1,13.03,-5.06,4.72,18.09
1895,1550499.0,775600.0,774899.0,22440.0,10398.0,12042.0,0.01447,0.01341,0.01554,1,0,0,13.24,-9.26,4.08,22.5
1895,1363410.0,709441.0,653969.0,19959.0,9618.0,10341.0,0.01464,0.01356,0.01581,0,1,0,13.24,-9.26,4.08,22.5
1895,177886.72999999998,95671.42,82215.31,17348.0,9206.0,8142.0,0.09752,0.09623,0.09903,0,0,1,13.24,-9.26,4.08,22.5
1896,1564544.0,782203.0,782341.0,20375.0,9464.0,10911.0,0.01302,0.0121,0.01395,1,0,0,12.78,-4.49,2.41,17.27
1896,1378693.0,716123.0,662570.0,19182.0,9097.0,10085.0,0.01391,0.0127,0.01522,0,1,0,12.78,-4.49,2.41,17.27
1896,180002.99999999997,96925.85000000002,83077.15,16539.0,8659.0,7880.0,0.09188,0.08934,0.09485,0,0,1,12.78,-4.49,2.41,17.27
1897,1583207.0,791557.0,791650.0,21129.0,9990.0,11139.0,0.01335,0.01262,0.01407,1,0,0,13.05,-4.77,3.47,17.82
1897,1396034.0,723809.0,672225.0,18691.0,8829.0,9862.0,0.01339,0.0122,0.01467,0,1,0,13.05,-4.77,3.47,17.82
1897,182584.95,98521.95,84063.0,16579.0,8574.0,8005.0,0.0908,0.08703,0.09523,0,0,1,13.05,-4.77,3.47,17.82
1898,1601071.0,800544.0,800527.0,23020.0,10775.0,12245.0,0.01438,0.01346,0.0153,1,0,0,13.9,-3.54,4.76,17.44
1898,1415319.0,732342.0,682977.0,18924.0,8853.0,10071.0,0.01337,0.01209,0.01475,0,1,0,13.9,-3.54,4.76,17.44
1898,184595.1,99947.1,84647.99999999999,16970.0,8876.0,8094.0,0.09193,0.08881,0.09562,0,0,1,13.9,-3.54,4.76,17.44
1899,1618699.0,809839.0,808860.0,21437.0,9936.0,11501.0,0.01324,0.01227,0.01422,1,0,0,13.6,-4.63,4.3,18.23
1899,1434568.0,740880.0,693688.0,19085.0,8824.0,10261.0,0.0133,0.01191,0.01479,0,1,0,13.6,-4.63,4.3,18.23
1899,186655.57,101328.36,85327.21,17068.989999999998,9122.99,7946.0,0.09145,0.09003,0.09312,0,0,1,13.6,-4.63,4.3,18.23
1900,1637195.0,819274.0,817921.0,23664.0,11041.0,12623.0,0.01445,0.01348,0.01543,1,0,0,13.97,-4.09,3.74,18.06
1900,1454555.0,749938.0,704617.0,20667.0,9888.0,10779.0,0.01421,0.01319,0.0153,0,1,0,13.97,-4.09,3.74,18.06
1900,189942.51,103164.09,86778.42,19275.0,10578.0,8697.0,0.10148,0.10254,0.10022,0,0,1,13.97,-4.09,3.74,18.06
1901,1651712.0,826566.0,825146.0,22526.0,10425.0,12101.0,0.01364,0.01261,0.01467,1,0,0,12.92,-8.75,3.98,21.67
1901,1475680.0,759410.0,716270.0,19760.0,9314.0,10446.0,0.01339,0.01226,0.01458,0,1,0,12.92,-8.75,3.98,21.67
1901,190964.98,103556.44000000002,87408.54,17731.99,9410.99,8321.0,0.09285,0.09088,0.0952,0,0,1,12.92,-8.75,3.98,21.67
1902,1670701.0,835793.0,834908.0,21041.0,9945.0,11096.0,0.01259,0.0119,0.01329,1,0,0,13.1,-3.35,3.57,16.45
1902,1499402.0,771514.0,727888.0,19114.0,9004.0,10110.0,0.01275,0.01167,0.01389,0,1,0,13.1,-3.35,3.57,16.45
1902,193569.98,105165.59,88404.39,17547.0,9255.0,8292.0,0.09065,0.088,0.0938,0,0,1,13.1,-3.35,3.57,16.45
1903,1691945.0,845653.0,846292.0,21032.0,10003.0,11029.0,0.01243,0.01183,0.01303,1,0,0,12.2,-3.93,3.02,16.13
1903,1522374.0,783048.0,739326.0,19985.0,9426.0,10559.0,0.01313,0.01204,0.01428,0,1,0,12.2,-3.93,3.02,16.13
1903,196478.68,107030.68,89448.0,18609.0,9843.0,8766.0,0.09471,0.09196,0.098,0,0,1,12.2,-3.93,3.02,16.13
1904,1711671.0,854896.0,856775.0,22834.0,10854.0,11980.0,0.01334,0.0127,0.01398,1,0,0,15.13,-4.25,4.8,19.38
1904,1542926.0,793517.0,749409.0,19880.0,9477.0,10403.0,0.01288,0.01194,0.01388,0,1,0,15.13,-4.25,4.8,19.38
1904,198869.08,108623.75,90245.33,18142.99,9525.0,8617.99,0.09123,0.08769,0.0955,0,0,1,15.13,-4.25,4.8,19.38
1905,1731860.0,864506.0,867354.0,21292.0,10011.0,11281.0,0.01229,0.01158,0.01301,1,0,0,15.07,-6.29,1.5,21.36
1905,1562384.0,803111.0,759273.0,20789.0,9786.0,11003.0,0.01331,0.01219,0.01449,0,1,0,15.07,-6.29,1.5,21.36
1905,201761.32,110564.18,91197.14,19719.0,10348.0,9371.0,0.09773,0.09359,0.10276,0,0,1,15.07,-6.29,1.5,21.36
1906,1754241.0,875517.0,878724.0,20683.0,9754.0,10929.0,0.01179,0.01114,0.01244,1,0,0,13.41,-6.42,4.65,19.83
1906,1579211.0,811280.0,767931.0,19730.0,9196.0,10534.0,0.01249,0.01134,0.01372,0,1,0,13.41,-6.42,4.65,19.83
1906,203153.43,111788.34,91365.09,18791.0,9834.0,8957.0,0.0925,0.08797,0.09804,0,0,1,13.41,-6.42,4.65,19.83
1907,1772074.0,884543.0,887531.0,19911.0,9219.0,10692.0,0.01124,0.01042,0.01205,1,0,0,12.99,-5.94,3.83,18.93
1907,1604271.0,823213.0,781058.0,19978.0,9401.0,10577.0,0.01245,0.01142,0.01354,0,1,0,12.99,-5.94,3.83,18.93
1907,205784.16,113704.13000000002,92080.03,19363.0,10350.01,9012.990000000002,0.09409,0.09103,0.09788,0,0,1,12.99,-5.94,3.83,18.93
1908,1790701.0,894204.0,896497.0,18093.0,8358.0,9735.0,0.0101,0.00935,0.01086,1,0,0,12.34,-4.25,3.26,16.59
1908,1626672.0,833632.0,793040.0,20231.0,9411.0,10820.0,0.01244,0.01129,0.01364,0,1,0,12.34,-4.25,3.26,16.59
1908,207960.98,115098.72000000002,92862.26,19373.0,10449.0,8924.0,0.09316,0.09078,0.0961,0,0,1,12.34,-4.25,3.26,16.59
1909,1812628.0,905560.0,907068.0,19184.0,8982.0,10202.0,0.01058,0.00992,0.01125,1,0,0,11.81,-6.45,5.28,18.26
1909,1647856.0,843513.0,804343.0,20266.0,9473.0,10793.0,0.0123,0.01123,0.01342,0,1,0,11.81,-6.45,5.28,18.26
1909,210398.42,116625.52,93772.9,19966.0,10695.0,9271.0,0.0949,0.0917,0.09887,0,0,1,11.81,-6.45,5.28,18.26
1910,1830661.0,915141.0,915520.0,17843.0,8321.0,9522.0,0.00975,0.00909,0.0104,1,0,0,11.42,-3.25,3.85,14.67
1910,1668817.0,853266.0,815551.0,19370.0,8880.0,10490.0,0.01161,0.01041,0.01286,0,1,0,11.42,-3.25,3.85,14.67
1910,211773.3,117641.39,94131.91,19285.0,10096.0,9189.0,0.09106,0.08582,0.09762,0,0,1,11.42,-3.25,3.85,14.67
1911,1852412.0,926053.0,926359.0,19478.0,9095.0,10383.0,0.01051,0.00982,0.01121,1,0,0,15.27,-5.5,3.55,20.77
1911,1689831.0,863343.0,826488.0,19982.0,9212.0,10770.0,0.01182,0.01067,0.01303,0,1,0,15.27,-5.5,3.55,20.77
1911,214042.64,119446.97,94595.67,20159.0,10747.0,9412.0,0.09418,0.08997,0.0995,0,0,1,15.27,-5.5,3.55,20.77
1912,1855193.0,929300.0,925893.0,15791.0,7387.0,8404.0,0.00851,0.00795,0.00908,1,0,0,11.98,-2.51,2.76,14.49
1912,1707460.0,873885.0,833575.0,19257.0,8778.0,10479.0,0.01128,0.01004,0.01257,0,1,0,11.98,-2.51,2.76,14.49
1912,215279.08,120579.86,94699.22,19054.0,10137.0,8917.0,0.08851,0.08407,0.09416,0,0,1,11.98,-2.51,2.76,14.49
1913,1862617.0,934372.0,928245.0,16029.0,7342.0,8687.0,0.00861,0.00786,0.00936,1,0,0,11.19,-3.16,4.64,14.35
1913,1725167.0,884575.0,840592.0,19473.0,9015.0,10458.0,0.01129,0.01019,0.01244,0,1,0,11.19,-3.16,4.64,14.35
1913,217284.03,122239.35,95044.68,19924.99,10751.99,9173.0,0.0917,0.08796,0.09651,0,0,1,11.19,-3.16,4.64,14.35
1914,1867943.0,938631.0,929312.0,14884.0,6893.0,7991.0,0.00797,0.00734,0.0086,1,0,0,12.25,-6.53,4.76,18.78
1914,1741384.0,894390.0,846994.0,18954.0,8736.0,10218.0,0.01088,0.00977,0.01206,0,1,0,12.25,-6.53,4.76,18.78
1914,218502.82,123353.53,95149.29,19791.0,10656.0,9135.0,0.09058,0.08639,0.09601,0,0,1,12.25,-6.53,4.76,18.78
1915,1872076.0,941783.0,930293.0,13542.0,6269.0,7273.0,0.00723,0.00666,0.00782,1,0,0,12.37,-4.72,2.12,17.09
1915,1757204.0,904371.0,852833.0,18474.0,8589.0,9885.0,0.01051,0.0095,0.01159,0,1,0,12.37,-4.72,2.12,17.09
1915,220057.84,124557.0,95500.84,19508.0,10618.0,8890.0,0.08865,0.08525,0.09309,0,0,1,12.37,-4.72,2.12,17.09
1916,1867987.0,941181.0,926806.0,12218.0,5661.0,6557.0,0.00654,0.00601,0.00707,1,0,0,11.69,-2.63,3.92,14.32
1916,1770562.0,913153.0,857409.0,18579.0,8725.0,9854.0,0.01049,0.00955,0.01149,0,1,0,11.69,-2.63,3.92,14.32
1916,221729.82,125754.27,95975.55,19826.0,10730.0,9096.0,0.08942,0.08533,0.09477,0,0,1,11.69,-2.63,3.92,14.32
1917,1857915.0,937199.0,920716.0,12574.0,5862.0,6712.0,0.00677,0.00625,0.00729,1,0,0,12.63,-6.28,1.19,18.91
1917,1790454.0,925342.0,865112.0,19749.0,9290.0,10459.0,0.01103,0.01004,0.01209,0,1,0,12.63,-6.28,1.19,18.91
1917,223129.98,126864.1,96265.88,20991.01,11126.01,9865.0,0.09408,0.0877,0.10248,0,0,1,12.63,-6.28,1.19,18.91
1918,1848092.0,933069.0,915023.0,20387.0,9482.0,10905.0,0.01103,0.01016,0.01192,1,0,0,12.42,-2.8,3.22,15.22
1918,1807125.0,936365.0,870760.0,33147.0,14560.0,18587.0,0.01834,0.01555,0.02135,0,1,0,12.42,-2.8,3.22,15.22
1918,223144.5,127494.02999999998,95650.47,21500.01,11678.01,9822.0,0.09635,0.0916,0.10269,0,0,1,12.42,-2.8,3.22,15.22
1919,1831400.0,925117.0,906283.0,13306.0,6378.0,6928.0,0.00727,0.00689,0.00764,1,0,0,13.93,-4.08,0.8,18.01
1919,1809825.0,942306.0,867519.0,20397.0,9973.0,10424.0,0.01127,0.01058,0.01202,0,1,0,13.93,-4.08,0.8,18.01
1919,222690.15,127488.65,95201.5,21229.0,11855.0,9374.0,0.09533,0.09299,0.09846,0,0,1,13.93,-4.08,0.8,18.01
1920,1823172.0,920674.0,902498.0,14418.0,6813.0,7605.0,0.00791,0.0074,0.00843,1,0,0,12.55,-2.37,4.56,14.92
1920,1822037.0,951716.0,870321.0,20960.0,9999.0,10961.0,0.0115,0.01051,0.01259,0,1,0,12.55,-2.37,4.56,14.92
1920,223303.68,127700.72,95602.96,20614.01,11557.01,9057.0,0.09231,0.0905,0.09474,0,0,1,12.55,-2.37,4.56,14.92
1921,1825229.0,920899.0,904330.0,11917.0,5379.0,6538.0,0.00653,0.00584,0.00723,1,0,0,15.07,-3.04,5.07,18.11
1921,1832098.0,960356.0,871742.0,18362.0,8626.0,9736.0,0.01002,0.00898,0.01117,0,1,0,15.07,-3.04,5.07,18.11
1921,225153.13,128667.56,96485.57,19238.99,10635.99,8603.0,0.08545,0.08266,0.08916,0,0,1,15.07,-3.04,5.07,18.11
1922,1824433.0,919757.0,904676.0,10568.0,4948.0,5620.0,0.00579,0.00538,0.00621,1,0,0,12.24,-4.77,2.28,17.01
1922,1854617.0,972499.0,882118.0,18629.0,8957.0,9672.0,0.01004,0.00921,0.01096,0,1,0,12.24,-4.77,2.28,17.01
1922,228727.24,130673.46,98053.78,21095.0,11736.0,9359.0,0.09223,0.08981,0.09545,0,0,1,12.24,-4.77,2.28,17.01
1923,1820162.0,916588.0,903574.0,9609.0,4395.0,5214.0,0.00528,0.00479,0.00577,1,0,0,15.09,-4.48,5.0,19.57
1923,1876518.0,984131.0,892387.0,17807.0,8202.0,9605.0,0.00949,0.00833,0.01076,0,1,0,15.09,-4.48,5.0,19.57
1923,231534.52,132319.32,99215.19999999998,18567.0,10066.0,8501.0,0.08019,0.07607,0.08568,0,0,1,15.09,-4.48,5.0,19.57
1924,1815502.0,913015.0,902487.0,9391.0,4356.0,5035.0,0.00517,0.00477,0.00558,1,0,0,12.7,-5.62,4.31,18.32
1924,1898855.0,996537.0,902318.0,19109.0,8882.0,10227.0,0.01006,0.00891,0.01133,0,1,0,12.7,-5.62,4.31,18.32
1924,237141.66,135670.24999999997,101471.41,20488.01,11281.0,9207.01,0.0864,0.08315,0.09074,0,0,1,12.7,-5.62,4.31,18.32
1925,1807924.0,908528.0,899396.0,9261.0,4359.0,4902.0,0.00512,0.0048,0.00545,1,0,0,12.09,-3.33,4.43,15.42
1925,1920693.0,1008439.0,912254.0,18422.0,8521.0,9901.0,0.00959,0.00845,0.01085,0,1,0,12.09,-3.33,4.43,15.42
1925,241395.47,138098.87,103296.6,20194.0,11013.0,9181.0,0.08366,0.07975,0.08888,0,0,1,12.09,-3.33,4.43,15.42
1926,1800295.0,903832.0,896463.0,8935.0,4196.0,4739.0,0.00496,0.00464,0.00529,1,0,0,12.74,-3.82,4.99,16.56
1926,1941786.0,1019990.0,921796.0,18010.0,8288.0,9722.0,0.00927,0.00813,0.01055,0,1,0,12.74,-3.82,4.99,16.56
1926,246832.03,141202.59,105629.44000000002,19507.0,10683.0,8824.0,0.07903,0.07566,0.08354,0,0,1,12.74,-3.82,4.99,16.56
1927,1787671.0,897169.0,890502.0,9015.0,4201.0,4814.0,0.00504,0.00468,0.00541,1,0,0,12.72,-3.34,4.45,16.06
1927,1968413.0,1033822.0,934591.0,18771.0,8717.0,10054.0,0.00954,0.00843,0.01076,0,1,0,12.72,-3.34,4.45,16.06
1927,253194.32000000004,144820.70999999996,108373.61,21416.0,11806.0,9610.0,0.08458,0.08152,0.08867,0,0,1,12.72,-3.34,4.45,16.06
1928,1773723.0,889789.0,883934.0,8931.0,4079.0,4852.0,0.00504,0.00458,0.00549,1,0,0,16.14,-4.0,4.08,20.14
1928,1992146.0,1046017.0,946129.0,18288.0,8366.0,9922.0,0.00918,0.008,0.01049,0,1,0,16.14,-4.0,4.08,20.14
1928,257765.52,147322.24,110443.27999999998,20844.0,11339.0,9505.0,0.08086,0.07697,0.08606,0,0,1,16.14,-4.0,4.08,20.14
1929,1762744.0,883876.0,878868.0,8572.0,3904.0,4668.0,0.00486,0.00442,0.00531,1,0,0,13.96,-8.43,3.28,22.39
1929,2012618.0,1057046.0,955572.0,19577.0,8822.0,10755.0,0.00973,0.00835,0.01126,0,1,0,13.96,-8.43,3.28,22.39
1929,263824.31,150746.06999999998,113078.24,22289.01,12090.0,10199.01,0.08448,0.0802,0.09019,0,0,1,13.96,-8.43,3.28,22.39
1930,1751238.0,877821.0,873417.0,8036.0,3608.0,4428.0,0.00459,0.00411,0.00507,1,0,0,13.54,-3.94,4.32,17.48
1930,2031547.0,1067627.0,963920.0,18349.0,8118.0,10231.0,0.00903,0.0076,0.01061,0,1,0,13.54,-3.94,4.32,17.48
1930,268892.35000000003,153668.15999999997,115224.19,20554.0,11090.0,9464.0,0.07644,0.07217,0.08214,0,0,1,13.54,-3.94,4.32,17.48
1931,1743058.0,872828.0,870230.0,7835.0,3575.0,4260.0,0.00449,0.0041,0.0049,1,0,0,13.44,-5.28,3.39,18.72
1931,2050305.0,1078416.0,971889.0,18935.0,8501.0,10434.0,0.00924,0.00788,0.01074,0,1,0,13.44,-5.28,3.39,18.72
1931,276135.00999999995,157928.02000000002,118206.99,22644.0,12348.0,10296.0,0.082,0.07819,0.0871,0,0,1,13.44,-5.28,3.39,18.72
1932,1728278.0,864002.0,864276.0,7881.0,3544.0,4337.0,0.00456,0.0041,0.00502,1,0,0,15.11,-6.87,3.02,21.98
1932,2080928.0,1095025.0,985903.0,18969.0,8538.0,10431.0,0.00912,0.0078,0.01058,0,1,0,15.11,-6.87,3.02,21.98
1932,282242.0,161371.00999999998,120870.99,23060.99,12650.99,10410.0,0.08171,0.0784,0.08612,0,0,1,15.11,-6.87,3.02,21.98
1933,1714587.0,855592.0,858995.0,7166.0,3231.0,3935.0,0.00418,0.00378,0.00458,1,0,0,13.92,-5.97,4.62,19.89
1933,2108056.0,1109254.0,998802.0,18229.0,8134.0,10095.0,0.00865,0.00733,0.01011,0,1,0,13.92,-5.97,4.62,19.89
1933,287816.99,164378.00000000003,123438.99,21786.01,11910.0,9876.01,0.07569,0.07245,0.08001,0,0,1,13.92,-5.97,4.62,19.89
1934,1700453.0,847565.0,852888.0,6925.0,2984.0,3941.0,0.00407,0.00352,0.00462,1,0,0,14.11,-3.71,5.28,17.82
1934,2140127.0,1127168.0,1012959.0,17915.0,8072.0,9843.0,0.00837,0.00716,0.00972,0,1,0,14.11,-3.71,5.28,17.82
1934,295800.01000000007,168811.02,126988.99,21966.0,11922.0,10044.0,0.07426,0.07062,0.07909,0,0,1,14.11,-3.71,5.28,17.82
1935,1687764.0,839774.0,847990.0,7131.0,3187.0,3944.0,0.00423,0.0038,0.00465,1,0,0,14.01,-6.22,3.42,20.23
1935,2168272.0,1142494.0,1025778.0,18748.0,8533.0,10215.0,0.00865,0.00747,0.00996,0,1,0,14.01,-6.22,3.42,20.23
1935,303339.01,173031.00999999998,130308.0,24354.01,13093.0,11261.009999999998,0.08029,0.07567,0.08642,0,0,1,14.01,-6.22,3.42,20.23
1936,1674611.0,831788.0,842823.0,6627.0,2877.0,3750.0,0.00396,0.00346,0.00445,1,0,0,12.35,-2.88,2.07,15.23
1936,2193601.0,1156161.0,1037440.0,17936.0,7937.0,9999.0,0.00818,0.00686,0.00964,0,1,0,12.35,-2.88,2.07,15.23
1936,309796.02,176638.02000000002,133158.0,23087.0,12401.99,10685.01,0.07452,0.07021,0.08024,0,0,1,12.35,-2.88,2.07,15.23
1937,1660181.0,823526.0,836655.0,6517.0,2886.0,3631.0,0.00393,0.0035,0.00434,1,0,0,13.44,-4.71,4.14,18.15
1937,2218972.0,1170303.0,1048669.0,17271.0,7722.0,9549.0,0.00778,0.0066,0.00911,0,1,0,13.44,-4.71,4.14,18.15
1937,319173.0,181659.01,137513.99000000002,23486.0,12663.0,10823.0,0.07358,0.06971,0.0787,0,0,1,13.44,-4.71,4.14,18.15
1938,1642381.0,814189.0,828192.0,5975.0,2647.0,3328.0,0.00364,0.00325,0.00402,1,0,0,12.36,-4.13,4.3,16.49
1938,2244261.0,1183404.0,1060857.0,17442.0,7887.0,9555.0,0.00777,0.00666,0.00901,0,1,0,12.36,-4.13,4.3,16.49
1938,330090.0,187465.01,142624.99000000002,25159.0,13547.0,11612.0,0.07622,0.07226,0.08142,0,0,1,12.36,-4.13,4.3,16.49
1939,1628591.0,806676.0,821915.0,5758.0,2478.0,3280.0,0.00354,0.00307,0.00399,1,0,0,12.56,-3.95,4.09,16.51
1939,2267779.0,1195531.0,1072248.0,17807.0,7972.0,9835.0,0.00785,0.00667,0.00917,0,1,0,12.56,-3.95,4.09,16.51
1939,338413.01000000007,192085.01,146328.0,25919.0,13880.0,12039.0,0.07659,0.07226,0.08227,0,0,1,12.56,-3.95,4.09,16.51
1940,1617283.0,800561.0,816722.0,6293.0,2641.0,3652.0,0.00389,0.0033,0.00447,1,0,0,11.4,-7.17,3.96,18.57
1940,2288509.0,1206043.0,1082466.0,17412.0,7827.0,9585.0,0.00761,0.00649,0.00885,0,1,0,11.4,-7.17,3.96,18.57
1940,346606.01000000007,196871.01,149735.0,27053.99,14570.0,12483.99,0.07805,0.07401,0.08337,0,0,1,11.4,-7.17,3.96,18.57
1941,1615115.0,799158.0,815957.0,5909.0,2572.0,3337.0,0.00366,0.00322,0.00409,1,0,0,13.93,-5.59,2.68,19.52
1941,2299021.0,1211483.0,1087538.0,16446.0,7240.0,9206.0,0.00715,0.00598,0.00846,0,1,0,13.93,-5.59,2.68,19.52
1941,354454.00999999995,201659.01,152795.0,24980.99,13383.99,11597.0,0.07048,0.06637,0.0759,0,0,1,13.93,-5.59,2.68,19.52
1942,1619159.0,801084.0,818075.0,5883.0,2525.0,3358.0,0.00363,0.00315,0.0041,1,0,0,12.91,-8.26,5.72,21.17
1942,2307935.0,1215399.0,1092536.0,15815.0,6996.0,8819.0,0.00685,0.00576,0.00807,0,1,0,12.91,-8.26,5.72,21.17
1942,369031.01,210097.02,158933.99000000002,25230.01,13302.01,11928.0,0.06837,0.06331,0.07505,0,0,1,12.91,-8.26,5.72,21.17
1943,1633370.0,808375.0,824995.0,6155.0,2601.0,3554.0,0.00377,0.00322,0.00431,1,0,0,14.43,-3.23,6.0,17.66
1943,2311733.0,1215377.0,1096356.0,15579.0,6872.0,8707.0,0.00674,0.00565,0.00794,0,1,0,14.43,-3.23,6.0,17.66
1943,381698.01,217553.02,164144.99000000002,25675.0,13654.0,12021.0,0.06727,0.06276,0.07323,0,0,1,14.43,-3.23,6.0,17.66
1944,1651721.0,817944.0,833777.0,6643.0,2783.0,3860.0,0.00402,0.0034,0.00463,1,0,0,15.86,-6.02,4.25,21.88
1944,2318009.0,1216240.0,1101769.0,16676.0,7389.0,9287.0,0.00719,0.00608,0.00843,0,1,0,15.86,-6.02,4.25,21.88
1944,391375.9900000001,223602.99,167773.0,29017.01,15521.01,13496.0,0.07414,0.06941,0.08044,0,0,1,15.86,-6.02,4.25,21.88
1945,1672664.0,828440.0,844224.0,6591.0,2799.0,3792.0,0.00394,0.00338,0.00449,1,0,0,14.56,-8.83,5.14,23.39
1945,2324089.0,1217261.0,1106828.0,16238.0,7244.0,8994.0,0.00699,0.00595,0.00813,0,1,0,14.56,-8.83,5.14,23.39
1945,395983.99,226882.0,169101.99,28257.01,15277.0,12980.01,0.07136,0.06733,0.07676,0,0,1,14.56,-8.83,5.14,23.39
1946,1687297.0,835599.0,851698.0,6295.0,2745.0,3550.0,0.00373,0.00329,0.00417,1,0,0,13.86,-4.78,5.33,18.64
1946,2340198.0,1223098.0,1117100.0,15821.0,7213.0,8608.0,0.00676,0.0059,0.00771,0,1,0,13.86,-4.78,5.33,18.64
1946,400920.98,230121.99,170798.99,28160.01,15329.0,12831.01,0.07024,0.06661,0.07512,0,0,1,13.86,-4.78,5.33,18.64
1947,1710800.0,849000.0,861800.0,6204.0,2584.0,3620.0,0.00363,0.00304,0.0042,1,0,0,15.18,-6.46,6.29,21.64
1947,2367900.0,1236700.0,1131200.0,15663.0,6847.0,8816.0,0.00661,0.00554,0.00779,0,1,0,15.18,-6.46,6.29,21.64
1947,411723.0,235653.0,176070.0,29517.0,16158.0,13359.0,0.07169,0.06857,0.07587,0,0,1,15.18,-6.46,6.29,21.64
1948,1735300.0,862900.0,872400.0,5347.0,2227.0,3120.0,0.00308,0.00258,0.00358,1,0,0,12.46,-2.57,5.28,15.03
1948,2393000.0,1249500.0,1143500.0,15382.0,6760.0,8622.0,0.00643,0.00541,0.00754,0,1,0,12.46,-2.57,5.28,15.03
1948,421179.0,240816.0,180363.0,28949.99,15465.99,13484.0,0.06874,0.06422,0.07476,0,0,1,12.46,-2.57,5.28,15.03
1949,1758900.0,876300.0,882600.0,5007.0,2107.0,2900.0,0.00285,0.0024,0.00329,1,0,0,14.5,-2.43,6.62,16.93
1949,2421100.0,1264100.0,1157000.0,14704.0,6322.0,8382.0,0.00607,0.005,0.00724,0,1,0,14.5,-2.43,6.62,16.93
1949,431088.99,246283.99,184805.0,29785.99,15976.0,13809.99,0.06909,0.06487,0.07473,0,0,1,14.5,-2.43,6.62,16.93
1950,1779700.0,887000.0,892700.0,4433.0,1824.0,2609.0,0.00249,0.00206,0.00292,1,0,0,15.49,-5.07,3.57,20.56
1950,2447900.0,1279600.0,1168300.0,14421.0,6152.0,8269.0,0.00589,0.00481,0.00708,0,1,0,15.49,-5.07,3.57,20.56
1950,440488.0,251803.0,188685.0,28518.0,15218.0,13300.0,0.06474,0.06044,0.07049,0,0,1,15.49,-5.07,3.57,20.56
1951,1794600.0,893200.0,901400.0,4348.0,1737.0,2611.0,0.00242,0.00194,0.0029,1,0,0,13.32,-2.53,3.94,15.85
1951,2472000.0,1293100.0,1178900.0,14727.0,6303.0,8424.0,0.00596,0.00487,0.00715,0,1,0,13.32,-2.53,3.94,15.85
1951,450585.0,257791.0,192794.0,30877.0,16351.0,14526.0,0.06853,0.06343,0.07534,0,0,1,13.32,-2.53,3.94,15.85
1952,1821000.0,906300.0,914700.0,4165.0,1665.0,2500.0,0.00229,0.00184,0.00273,1,0,0,15.94,-4.94,4.78,20.88
1952,2499600.0,1305500.0,1194100.0,13906.0,5960.0,7946.0,0.00556,0.00457,0.00665,0,1,0,15.94,-4.94,4.78,20.88
1952,458374.0,262669.0,195705.0,29554.0,15648.0,13906.0,0.06448,0.05957,0.07106,0,0,1,15.94,-4.94,4.78,20.88
1953,1850200.0,920900.0,929300.0,4133.0,1662.0,2471.0,0.00223,0.0018,0.00266,1,0,0,13.29,-5.94,5.68,19.23
1953,2526100.0,1317300.0,1208800.0,14160.0,5780.0,8380.0,0.00561,0.00439,0.00693,0,1,0,13.29,-5.94,5.68,19.23
1953,467913.0,268484.0,199429.0,31391.0,16715.0,14676.0,0.06709,0.06226,0.07359,0,0,1,13.29,-5.94,5.68,19.23
1954,1878000.0,934500.0,943500.0,3933.0,1584.0,2349.0,0.00209,0.0017,0.00249,1,0,0,11.21,-6.07,3.72,17.28
1954,2552400.0,1329400.0,1223000.0,14061.0,5833.0,8228.0,0.00551,0.00439,0.00673,0,1,0,11.21,-6.07,3.72,17.28
1954,476740.0,274075.0,202665.0,31119.0,16478.0,14641.0,0.06527,0.06012,0.07224,0,0,1,11.21,-6.07,3.72,17.28
1955,1906800.0,948400.0,958400.0,3916.0,1575.0,2341.0,0.00205,0.00166,0.00244,1,0,0,12.64,-3.76,3.62,16.4
1955,2577900.0,1341000.0,1236900.0,14191.0,5889.0,8302.0,0.0055,0.00439,0.00671,0,1,0,12.64,-3.76,3.62,16.4
1955,485961.0,280138.0,205823.0,32259.0,17176.0,15083.0,0.06638,0.06131,0.07328,0,0,1,12.64,-3.76,3.62,16.4
1956,1934600.0,961400.0,973200.0,3836.0,1445.0,2391.0,0.00198,0.0015,0.00246,1,0,0,12.46,-11.94,2.61,24.4
1956,2606100.0,1354300.0,1251800.0,14223.0,5839.0,8384.0,0.00546,0.00431,0.0067,0,1,0,12.46,-11.94,2.61,24.4
1956,493363.0,285184.0,208179.0,33514.0,17875.0,15639.0,0.06793,0.06268,0.07512,0,0,1,12.46,-11.94,2.61,24.4
1957,1965700.0,975700.0,990000.0,3790.0,1443.0,2347.0,0.00193,0.00148,0.00237,1,0,0,12.76,-3.92,4.34,16.68
1957,2629100.0,1365000.0,1264100.0,14294.0,5698.0,8596.0,0.00544,0.00417,0.0068,0,1,0,12.76,-3.92,4.34,16.68
1957,502945.0,291359.0,211586.0,32987.0,17319.0,15668.0,0.06559,0.05944,0.07405,0,0,1,12.76,-3.92,4.34,16.68
1958,1997300.0,990000.0,1007300.0,3611.0,1366.0,2245.0,0.00181,0.00138,0.00223,1,0,0,13.41,-3.71,2.83,17.12
1958,2652500.0,1376400.0,1276100.0,13776.0,5341.0,8435.0,0.00519,0.00388,0.00661,0,1,0,13.41,-3.71,2.83,17.12
1958,513519.0,298389.0,215130.0,31894.0,17019.0,14875.0,0.06211,0.05704,0.06914,0,0,1,13.41,-3.71,2.83,17.12
1959,2029400.0,1004000.0,1025400.0,3605.0,1377.0,2228.0,0.00178,0.00137,0.00217,1,0,0,14.69,-3.69,4.76,18.38
1959,2674500.0,1387600.0,1286900.0,13803.0,5341.0,8462.0,0.00516,0.00385,0.00658,0,1,0,14.69,-3.69,4.76,18.38
1959,526514.0,306417.0,220097.0,32669.0,17310.0,15359.0,0.06205,0.05649,0.06978,0,0,1,14.69,-3.69,4.76,18.38
1960,2061400.0,1018000.0,1043400.0,3548.0,1336.0,2212.0,0.00172,0.00131,0.00212,1,0,0,11.95,-3.9,3.7,15.85
1960,2695300.0,1398100.0,1297200.0,13892.0,5317.0,8575.0,0.00515,0.0038,0.00661,0,1,0,11.95,-3.9,3.7,15.85
1960,539294.0,314571.0,224723.0,34654.0,18409.0,16245.0,0.06426,0.05852,0.07229,0,0,1,11.95,-3.9,3.7,15.85
1961,2094647.0,1032753.0,1061894.0,3699.0,1394.0,2305.0,0.00177,0.00135,0.00217,1,0,0,13.32,-3.14,6.16,16.46
1961,2714627.0,1408206.0,1306421.0,14029.0,5285.0,8744.0,0.00517,0.00375,0.00669,0,1,0,13.32,-3.14,6.16,16.46
1961,551166.0,322160.0,229006.0,33276.0,17402.0,15874.0,0.06037,0.05402,0.06932,0,0,1,13.32,-3.14,6.16,16.46
1962,2188117.0,1079093.0,1109024.0,3890.0,1510.0,2380.0,0.00178,0.0014,0.00215,1,0,0,14.25,-5.39,4.21,19.64
1962,2753714.0,1424675.0,1329039.0,14455.0,5400.0,9055.0,0.00525,0.00379,0.00681,0,1,0,14.25,-5.39,4.21,19.64
1962,566984.0,332355.0,234629.0,36780.0,19404.0,17376.0,0.06487,0.05838,0.07406,0,0,1,14.25,-5.39,4.21,19.64
1963,2271478.0,1119207.0,1152271.0,3876.0,1456.0,2420.0,0.00171,0.0013,0.0021,1,0,0,13.87,-8.59,4.94,22.46
1963,2788374.0,1439538.0,1348836.0,14675.0,5399.0,9276.0,0.00526,0.00375,0.00688,0,1,0,13.87,-8.59,4.94,22.46
1963,579673.0,340557.0,239116.0,38454.0,20123.0,18331.0,0.06634,0.05909,0.07666,0,0,1,13.87,-8.59,4.94,22.46
1964,2335329.0,1149930.0,1185399.0,3730.0,1390.0,2340.0,0.0016,0.00121,0.00197,1,0,0,14.57,-3.82,3.94,18.39
1964,2822522.0,1453578.0,1368944.0,14105.0,5132.0,8973.0,0.005,0.00353,0.00655,0,1,0,14.57,-3.82,3.94,18.39
1964,591870.0,349053.0,242817.0,35776.0,18778.0,16998.0,0.06045,0.0538,0.07,0,0,1,14.57,-3.82,3.94,18.39
1965,2370058.0,1166400.0,1203658.0,3477.0,1342.0,2135.0,0.00147,0.00115,0.00177,1,0,0,11.41,-6.97,4.02,18.38
1965,2850663.0,1465021.0,1385642.0,13956.0,5256.0,8700.0,0.0049,0.00359,0.00628,0,1,0,11.41,-6.97,4.02,18.38
1965,608940.0,359684.0,249256.0,38114.0,19898.0,18216.0,0.06259,0.05532,0.07308,0,0,1,11.41,-6.97,4.02,18.38
1966,2385604.0,1172898.0,1212706.0,3508.0,1339.0,2169.0,0.00147,0.00114,0.00179,1,0,0,11.86,-5.19,6.12,17.05
1966,2874721.0,1474730.0,1399991.0,13837.0,5011.0,8826.0,0.00481,0.0034,0.0063,0,1,0,11.86,-5.19,6.12,17.05
1966,624010.0,369446.0,254564.0,38460.0,20363.0,18097.0,0.06163,0.05512,0.07109,0,0,1,11.86,-5.19,6.12,17.05
1967,2405688.0,1182630.0,1223058.0,3531.0,1294.0,2237.0,0.00147,0.00109,0.00183,1,0,0,14.69,-4.24,4.61,18.93
1967,2905314.0,1486803.0,1418511.0,13577.0,4901.0,8676.0,0.00467,0.0033,0.00612,0,1,0,14.69,-4.24,4.61,18.93
1967,641726.0,380444.0,261282.0,38035.0,19934.0,18101.0,0.05927,0.0524,0.06928,0,0,1,14.69,-4.24,4.61,18.93
1968,2423501.0,1191791.0,1231710.0,3303.0,1284.0,2019.0,0.00136,0.00108,0.00164,1,0,0,12.35,-4.54,5.59,16.89
1968,2947604.0,1504416.0,1443188.0,13826.0,5011.0,8815.0,0.00469,0.00333,0.00611,0,1,0,12.35,-4.54,5.59,16.89
1968,660737.0,391974.0,268763.0,40245.0,21068.0,19177.0,0.06091,0.05375,0.07135,0,0,1,12.35,-4.54,5.59,16.89
1969,2433645.0,1197455.0,1236190.0,3242.0,1226.0,2016.0,0.00133,0.00102,0.00163,1,0,0,13.76,-6.59,4.97,20.35
1969,2994467.0,1524274.0,1470193.0,14024.0,5031.0,8993.0,0.00468,0.0033,0.00612,0,1,0,13.76,-6.59,4.97,20.35
1969,676353.0,401632.0,274721.0,40736.0,21298.0,19438.0,0.06023,0.05303,0.07076,0,0,1,13.76,-6.59,4.97,20.35
1970,2431180.0,1197111.0,1234069.0,3147.0,1116.0,2031.0,0.00129,0.00093,0.00165,1,0,0,12.65,-3.87,3.79,16.52
1970,3044707.0,1545869.0,1498838.0,13587.0,4822.0,8765.0,0.00446,0.00312,0.00585,0,1,0,12.65,-3.87,3.79,16.52
1970,693137.0,412012.0,281125.0,40357.0,21199.0,19158.0,0.05822,0.05145,0.06815,0,0,1,12.65,-3.87,3.79,16.52
1971,2411337.0,1189459.0,1221878.0,3109.0,1115.0,1994.0,0.00129,0.00094,0.00163,1,0,0,14.32,-4.06,6.18,18.38
1971,3071068.0,1555486.0,1515582.0,13535.0,4839.0,8696.0,0.00441,0.00311,0.00574,0,1,0,14.32,-4.06,6.18,18.38
1971,710911.0,423046.0,287865.0,41212.0,21559.0,19653.0,0.05797,0.05096,0.06827,0,0,1,14.32,-4.06,6.18,18.38
1972,2404985.0,1185263.0,1219722.0,2867.0,998.0,1869.0,0.00119,0.00084,0.00153,1,0,0,12.28,-3.29,3.46,15.57
1972,3100371.0,1569880.0,1530491.0,13109.0,4645.0,8464.0,0.00423,0.00296,0.00553,0,1,0,12.28,-3.29,3.46,15.57
1972,728605.0,433516.0,295089.0,40513.0,21159.0,19354.0,0.0556,0.04881,0.06559,0,0,1,12.28,-3.29,3.46,15.57
1973,2405675.0,1186795.0,1218880.0,2659.0,949.0,1710.0,0.00111,0.0008,0.0014,1,0,0,14.36,-4.39,2.61,18.75
1973,3134894.0,1585716.0,1549178.0,12745.0,4460.0,8285.0,0.00407,0.00281,0.00535,0,1,0,14.36,-4.39,2.61,18.75
1973,747629.0,445000.0,302629.0,41586.0,21864.0,19722.0,0.05562,0.04913,0.06517,0,0,1,14.36,-4.39,2.61,18.75
1974,2394006.0,1182679.0,1211327.0,2592.0,880.0,1712.0,0.00108,0.00074,0.00141,1,0,0,13.63,-1.19,2.48,14.82
1974,3164509.0,1599640.0,1564869.0,12285.0,4329.0,7956.0,0.00388,0.00271,0.00508,0,1,0,13.63,-1.19,2.48,14.82
1974,767889.0,457312.0,310577.0,41526.0,21369.0,20157.0,0.05408,0.04673,0.0649,0,0,1,13.63,-1.19,2.48,14.82
1975,2373870.0,1172995.0,1200875.0,2281.0,795.0,1486.0,0.00096,0.00068,0.00124,1,0,0,13.11,-2.24,3.64,15.35
1975,3194798.0,1614200.0,1580598.0,12186.0,4161.0,8025.0,0.00381,0.00258,0.00508,0,1,0,13.11,-2.24,3.64,15.35
1975,787239.0,469262.0,317977.0,41457.0,21279.0,20178.0,0.05266,0.04535,0.06346,0,0,1,13.11,-2.24,3.64,15.35
1976,2327089.0,1148750.0,1178339.0,2091.0,718.0,1373.0,0.0009,0.00063,0.00117,1,0,0,13.8,-4.26,4.84,18.06
1976,3187377.0,1611391.0,1575986.0,12065.0,4079.0,7986.0,0.00379,0.00253,0.00507,0,1,0,13.8,-4.26,4.84,18.06
1976,806013.0,480791.0,325222.0,42939.0,22104.0,20835.0,0.05327,0.04597,0.06406,0,0,1,13.8,-4.26,4.84,18.06
1977,2285065.0,1127059.0,1158006.0,2015.0,678.0,1337.0,0.00088,0.0006,0.00115,1,0,0,12.33,-2.9,4.76,15.23
1977,3176752.0,1605937.0,1570815.0,11754.0,3961.0,7793.0,0.0037,0.00247,0.00496,0,1,0,12.33,-2.9,4.76,15.23
1977,821698.0,490883.0,330815.0,41889.0,21440.0,20449.0,0.05098,0.04368,0.06181,0,0,1,12.33,-2.9,4.76,15.23
1978,2257514.0,1111929.0,1145585.0,1922.0,606.0,1316.0,0.00085,0.00054,0.00115,1,0,0,11.83,-3.26,3.78,15.09
1978,3180382.0,1608710.0,1571672.0,11943.0,4091.0,7852.0,0.00376,0.00254,0.005,0,1,0,11.83,-3.26,3.78,15.09
1978,840097.0,502109.0,337988.0,43853.0,22491.0,21362.0,0.0522,0.04479,0.0632,0,0,1,11.83,-3.26,3.78,15.09
1979,2236305.0,1099834.0,1136471.0,1902.0,672.0,1230.0,0.00085,0.00061,0.00108,1,0,0,12.65,-5.74,4.07,18.39
1979,3193232.0,1616010.0,1577222.0,11779.0,4085.0,7694.0,0.00369,0.00253,0.00488,0,1,0,12.65,-5.74,4.07,18.39
1979,855353.0,511578.0,343775.0,43773.0,22554.0,21219.0,0.05118,0.04409,0.06172,0,0,1,12.65,-5.74,4.07,18.39
1980,2221006.0,1090912.0,1130094.0,1957.0,664.0,1293.0,0.00088,0.00061,0.00114,1,0,0,13.41,-4.51,2.67,17.92
1980,3211585.0,1625332.0,1586253.0,11696.0,3988.0,7708.0,0.00364,0.00245,0.00486,0,1,0,13.41,-4.51,2.67,17.92
1980,870749.0,520892.0,349857.0,45444.0,23598.0,21846.0,0.05219,0.0453,0.06244,0,0,1,13.41,-4.51,2.67,17.92
1981,2213029.0,1086091.0,1126938.0,1902.0,628.0,1274.0,0.00086,0.00058,0.00113,1,0,0,13.34,-5.06,5.07,18.4
1981,3243374.0,1640768.0,1602606.0,11718.0,3956.0,7762.0,0.00361,0.00241,0.00484,0,1,0,13.34,-5.06,5.07,18.4
1981,878356.0,526076.0,352280.0,46143.0,23979.0,22164.0,0.05253,0.04558,0.06292,0,0,1,13.34,-5.06,5.07,18.4
1982,2205242.0,1081255.0,1123987.0,1824.0,611.0,1213.0,0.00083,0.00057,0.00108,1,0,0,14.84,-2.39,3.9,17.23
1982,3282272.0,1659255.0,1623017.0,11658.0,3897.0,7761.0,0.00355,0.00235,0.00478,0,1,0,14.84,-2.39,3.9,17.23
1982,884988.0,530285.0,354703.0,45722.0,23946.0,21776.0,0.05166,0.04516,0.06139,0,0,1,14.84,-2.39,3.9,17.23
1983,2193134.0,1074876.0,1118258.0,1889.0,604.0,1285.0,0.00086,0.00056,0.00115,1,0,0,17.35,-5.04,4.7,22.39
1983,3325805.0,1679773.0,1646032.0,11650.0,3823.0,7827.0,0.0035,0.00228,0.00476,0,1,0,17.35,-5.04,4.7,22.39
1983,890333.0,533669.0,356664.0,47217.0,24711.0,22506.0,0.05303,0.0463,0.0631,0,0,1,17.35,-5.04,4.7,22.39
1984,2172644.0,1064002.0,1108642.0,1695.0,564.0,1131.0,0.00078,0.00053,0.00102,1,0,0,13.27,-4.75,4.15,18.02
1984,3359986.0,1696498.0,1663488.0,11626.0,3938.0,7688.0,0.00346,0.00232,0.00462,0,1,0,13.27,-4.75,4.15,18.02
1984,894787.0,536678.0,358109.0,45281.0,23644.0,21637.0,0.05061,0.04406,0.06042,0,0,1,13.27,-4.75,4.15,18.02
1985,2155826.0,1054915.0,1100911.0,1660.0,561.0,1099.0,0.00077,0.00053,0.001,1,0,0,14.71,-8.05,5.18,22.76
1985,3397116.0,1713695.0,1683421.0,11394.0,3842.0,7552.0,0.00335,0.00224,0.00449,0,1,0,14.71,-8.05,5.18,22.76
1985,902387.0,541619.0,360768.0,46529.0,24246.0,22283.0,0.05156,0.04477,0.06177,0,0,1,14.71,-8.05,5.18,22.76
1986,2137917.0,1045944.0,1091973.0,1691.0,573.0,1118.0,0.00079,0.00055,0.00102,1,0,0,13.1,-7.49,4.74,20.59
1986,3429113.0,1727514.0,1701599.0,11202.0,3759.0,7443.0,0.00327,0.00218,0.00437,0,1,0,13.1,-7.49,4.74,20.59
1986,917141.0,550504.0,366637.0,47214.0,24893.0,22321.0,0.05148,0.04522,0.06088,0,0,1,13.1,-7.49,4.74,20.59
1987,2123679.0,1039488.0,1084191.0,1640.0,552.0,1088.0,0.00077,0.00053,0.001,1,0,0,13.56,-6.03,4.79,19.59
1987,3466664.0,1743850.0,1722814.0,11108.0,3648.0,7460.0,0.0032,0.00209,0.00433,0,1,0,13.56,-6.03,4.79,19.59
1987,932385.0,559619.0,372766.0,46776.0,24575.0,22201.0,0.05017,0.04391,0.05956,0,0,1,13.56,-6.03,4.79,19.59
1988,2108803.0,1033017.0,1075786.0,1679.0,560.0,1119.0,0.0008,0.00054,0.00104,1,0,0,13.78,-2.73,6.12,16.51
1988,3511253.0,1763499.0,1747754.0,11201.0,3725.0,7476.0,0.00319,0.00211,0.00428,0,1,0,13.78,-2.73,6.12,16.51
1988,945981.0,567816.0,378165.0,47763.0,25083.0,22680.0,0.05049,0.04417,0.05997,0,0,1,13.78,-2.73,6.12,16.51
1989,2097201.0,1027377.0,1069824.0,1692.0,577.0,1115.0,0.00081,0.00056,0.00104,1,0,0,14.08,-0.66,5.18,14.74
1989,3562865.0,1786965.0,1775900.0,11116.0,3676.0,7440.0,0.00312,0.00206,0.00419,0,1,0,14.08,-0.66,5.18,14.74
1989,959116.0,576076.0,383040.0,48085.0,25280.0,22805.0,0.05013,0.04388,0.05954,0,0,1,14.08,-0.66,5.18,14.74
1990,2083491.0,1020523.0,1062968.0,1631.0,545.0,1086.0,0.00078,0.00053,0.00102,1,0,0,14.31,-3.79,5.3,18.1
1990,3617948.0,1810912.0,1807036.0,11365.0,3783.0,7582.0,0.00314,0.00209,0.0042,0,1,0,14.31,-3.79,5.3,18.1
1990,971656.0,584254.0,387402.0,50742.0,26919.0,23823.0,0.05222,0.04607,0.06149,0,0,1,14.31,-3.79,5.3,18.1
1991,2085722.0,1022339.0,1063383.0,1650.0,542.0,1108.0,0.00079,0.00053,0.00104,1,0,0,15.32,-4.57,3.96,19.89
1991,3681619.0,1838245.0,1843374.0,11463.0,3719.0,7744.0,0.00311,0.00202,0.0042,0,1,0,15.32,-4.57,3.96,19.89
1991,982811.0,591220.0,391591.0,49515.0,26292.0,23223.0,0.05038,0.04447,0.0593,0,0,1,15.32,-4.57,3.96,19.89
1992,2086184.0,1022487.0,1063697.0,1550.0,512.0,1038.0,0.00074,0.0005,0.00098,1,0,0,16.19,-2.45,3.8,18.64
1992,3759759.0,1877917.0,1881842.0,11377.0,3716.0,7661.0,0.00303,0.00198,0.00407,0,1,0,16.19,-2.45,3.8,18.64
1992,994544.0,598926.0,395618.0,49381.0,26407.0,22974.0,0.04965,0.04409,0.05807,0,0,1,16.19,-2.45,3.8,18.64
1993,2092138.0,1025068.0,1067070.0,1410.0,498.0,912.0,0.00067,0.00049,0.00085,1,0,0,13.84,-2.68,4.9,16.52
1993,3808399.0,1902014.0,1906385.0,11131.0,3773.0,7358.0,0.00292,0.00198,0.00386,0,1,0,13.84,-2.68,4.9,16.52
1993,1005196.0,605179.0,400017.0,49966.0,26704.0,23262.0,0.04971,0.04413,0.05815,0,0,1,13.84,-2.68,4.9,16.52
1994,2093167.0,1024936.0,1068231.0,1358.0,449.0,909.0,0.00065,0.00044,0.00085,1,0,0,16.56,-1.94,5.46,18.5
1994,3856445.0,1925882.0,1930563.0,11109.0,3782.0,7327.0,0.00288,0.00196,0.0038,0,1,0,16.56,-1.94,5.46,18.5
1994,1016755.6,612104.6,404651.0,49526.0,26527.0,22999.0,0.04871,0.04334,0.05684,0,0,1,16.56,-1.94,5.46,18.5
1995,2091217.0,1023763.0,1067454.0,1268.0,426.0,842.0,0.00061,0.00042,0.00079,1,0,0,16.09,-3.79,5.96,19.88
1995,3896141.0,1945741.0,1950400.0,11230.0,3826.0,7404.0,0.00288,0.00197,0.0038,0,1,0,16.09,-3.79,5.96,19.88
1995,1029188.89,619222.29,409966.6,50887.0,27509.0,23378.0,0.04944,0.04443,0.05702,0,0,1,16.09,-3.79,5.96,19.88
1996,2090550.0,1023160.0,1067390.0,1141.0,384.0,757.0,0.00055,0.00038,0.00071,1,0,0,12.83,-4.31,5.22,17.14
1996,3927540.0,1962513.0,1965027.0,10556.0,3654.0,6902.0,0.00269,0.00186,0.00351,0,1,0,12.83,-4.31,5.22,17.14
1996,1041774.91,625891.19,415883.72,50947.0,27822.0,23125.0,0.0489,0.04445,0.0556,0,0,1,12.83,-4.31,5.22,17.14
1997,2081657.0,1017752.0,1063905.0,1118.0,407.0,711.0,0.00054,0.0004,0.00067,1,0,0,14.98,-2.26,4.57,17.24
1997,3944582.0,1972844.0,1971738.0,10474.0,3635.0,6839.0,0.00266,0.00184,0.00347,0,1,0,14.98,-2.26,4.57,17.24
1997,1053062.23,631468.73,421593.5,51265.0,28143.0,23122.0,0.04868,0.04457,0.05484,0,0,1,14.98,-2.26,4.57,17.24
1998,2072588.0,1012408.0,1060180.0,1063.0,345.0,718.0,0.00051,0.00034,0.00068,1,0,0,14.38,-2.05,4.5,16.43
1998,3956971.0,1980213.0,1976758.0,10370.0,3524.0,6846.0,0.00262,0.00178,0.00346,0,1,0,14.38,-2.05,4.5,16.43
1998,1064890.87,637005.62,427885.25,51110.0,27680.0,23430.0,0.048,0.04345,0.05476,0,0,1,14.38,-2.05,4.5,16.43
1999,2070247.0,1010756.0,1059491.0,1022.0,360.0,662.0,0.00049,0.00036,0.00062,1,0,0,14.32,-4.18,5.08,18.5
1999,3973492.0,1989037.0,1984455.0,10060.0,3509.0,6551.0,0.00253,0.00176,0.0033,0,1,0,14.32,-4.18,5.08,18.5
1999,1077995.25,643631.96,434363.29,51427.0,28202.0,23225.0,0.04771,0.04382,0.05347,0,0,1,14.32,-4.18,5.08,18.5
2000,2075479.0,1012544.0,1062935.0,1019.0,354.0,665.0,0.00049,0.00035,0.00063,1,0,0,14.67,-3.4,5.76,18.07
2000,3994702.0,1999854.0,1994848.0,10251.0,3634.0,6617.0,0.00257,0.00182,0.00332,0,1,0,14.67,-3.4,5.76,18.07
2000,1092237.64,649863.4400000001,442374.2,51273.0,28143.0,23130.0,0.04694,0.04331,0.05229,0,0,1,14.67,-3.4,5.76,18.07
2001,2080866.0,1015015.0,1065851.0,974.0,332.0,642.0,0.00047,0.00033,0.0006,1,0,0,14.99,-3.81,4.96,18.8
2001,4014003.0,2011030.0,2002973.0,9907.0,3510.0,6397.0,0.00247,0.00175,0.00319,0,1,0,14.99,-3.81,4.96,18.8
2001,1106567.94,656345.3999999999,450222.54,50365.0,27520.0,22845.0,0.04551,0.04193,0.05074,0,0,1,14.99,-3.81,4.96,18.8
2002,2068388.0,1012099.0,1056289.0,904.0,341.0,563.0,0.00044,0.00034,0.00053,1,0,0,14.44,-1.91,5.28,16.35
2002,4056120.0,2029112.0,2027008.0,9973.0,3566.0,6407.0,0.00246,0.00176,0.00316,0,1,0,14.44,-1.91,5.28,16.35
2002,1122586.75,664328.23,458258.52,50894.0,28131.0,22763.0,0.04534,0.04235,0.04967,0,0,1,14.44,-1.91,5.28,16.35
2003,2074751.0,1014781.0,1059970.0,874.0,303.0,571.0,0.00042,0.0003,0.00054,1,0,0,17.89,-5.02,3.93,22.91
2003,4096623.0,2049491.0,2047132.0,9890.0,3541.0,6349.0,0.00241,0.00173,0.0031,0,1,0,17.89,-5.02,3.93,22.91
2003,1134244.84,668826.16,465418.68,52322.0,28949.0,23373.0,0.04613,0.04328,0.05022,0,0,1,17.89,-5.02,3.93,22.91
2004,2078391.0,1016295.0,1062096.0,876.0,323.0,553.0,0.00042,0.00032,0.00052,1,0,0,14.04,-2.99,5.78,17.03
2004,4129016.0,2065839.0,2063177.0,9644.0,3390.0,6254.0,0.00234,0.00164,0.00303,0,1,0,14.04,-2.99,5.78,17.03
2004,1148306.27,674642.53,473663.74,49737.0,27518.0,22219.0,0.04331,0.04079,0.04691,0,0,1,14.04,-2.99,5.78,17.03
2005,2080396.0,1016734.0,1063662.0,847.0,299.0,548.0,0.00041,0.00029,0.00052,1,0,0,13.95,-5.88,6.18,19.83
2005,4160364.0,2081410.0,2078954.0,9596.0,3397.0,6199.0,0.00231,0.00163,0.00298,0,1,0,13.95,-5.88,6.18,19.83
2005,1165906.68,682424.4400000001,483482.23999999993,50706.0,27729.0,22977.0,0.04349,0.04063,0.04752,0,0,1,13.95,-5.88,6.18,19.83
2006,2077243.0,1014389.0,1062854.0,813.0,307.0,506.0,0.00039,0.0003,0.00048,1,0,0,17.69,-4.43,6.37,22.12
2006,4189420.0,2095517.0,2093903.0,9467.0,3469.0,5998.0,0.00226,0.00166,0.00286,0,1,0,17.69,-4.43,6.37,22.12
2006,1183838.36,690745.1799999999,493093.18,49919.0,27255.0,22664.0,0.04217,0.03946,0.04596,0,0,1,17.69,-4.43,6.37,22.12
2007,2075535.0,1013181.0,1062354.0,789.0,303.0,486.0,0.00038,0.0003,0.00046,1,0,0,13.41,-2.29,7.44,15.7
2007,4216542.0,2108181.0,2108361.0,9512.0,3450.0,6062.0,0.00226,0.00164,0.00288,0,1,0,13.41,-2.29,7.44,15.7
2007,1207904.63,701881.23,506023.4,50786.0,27804.0,22982.0,0.04204,0.03961,0.04542,0,0,1,13.41,-2.29,7.44,15.7
2008,2083135.0,1016175.0,1066960.0,749.0,272.0,477.0,0.00036,0.00027,0.00045,1,0,0,13.74,-2.52,4.88,16.26
2008,4265199.0,2129430.0,2135769.0,9324.0,3406.0,5918.0,0.00219,0.0016,0.00277,0,1,0,13.74,-2.52,4.88,16.26
2008,1236082.2,714375.9400000001,521706.26,51178.0,28090.0,23088.0,0.0414,0.03932,0.04425,0,0,1,13.74,-2.52,4.88,16.26
2009,2099536.0,1023612.0,1075924.0,801.0,289.0,512.0,0.00038,0.00028,0.00048,1,0,0,15.72,-4.45,6.18,20.17
2009,4325875.0,2156256.0,2169619.0,9258.0,3325.0,5933.0,0.00214,0.00154,0.00273,0,1,0,15.72,-4.45,6.18,20.17
2009,1267290.22,728716.0800000001,538574.14,52404.0,28831.0,23573.0,0.04135,0.03956,0.04377,0,0,1,15.72,-4.45,6.18,20.17
2010,2106996.0,1027444.0,1079552.0,671.0,281.0,390.0,0.00032,0.00027,0.00036,1,0,0,15.84,-5.17,5.3,21.01
2010,4370119.0,2177930.0,2192189.0,9219.0,3430.0,5789.0,0.00211,0.00157,0.00264,0,1,0,15.84,-5.17,5.3,21.01
2010,1299385.38,743278.7000000001,556106.6799999999,52807.0,28677.0,24130.0,0.04064,0.03858,0.04339,0,0,1,15.84,-5.17,5.3,21.01
2011,2127416.0,1038578.0,1088838.0,712.0,265.0,447.0,0.00033,0.00026,0.00041,1,0,0,15.18,-2.44,7.06,17.62
2011,4413024.0,2195977.0,2217047.0,8854.0,3273.0,5581.0,0.00201,0.00149,0.00252,0,1,0,15.18,-2.44,7.06,17.62
2011,1328376.63,757253.6099999999,571123.0199999999,52500.0,28451.0,24049.0,0.03952,0.03757,0.04211,0,0,1,15.18,-2.44,7.06,17.62
2012,2134145.0,1041586.0,1092559.0,665.0,254.0,411.0,0.00031,0.00024,0.00038,1,0,0,15.54,-6.48,5.46,22.02
2012,4455365.0,2215769.0,2239596.0,8963.0,3308.0,5655.0,0.00201,0.00149,0.00253,0,1,0,15.54,-6.48,5.46,22.02
2012,1363835.8199999998,774244.48,589591.34,54560.0,29918.0,24642.0,0.04,0.03864,0.0418,0,0,1,15.54,-6.48,5.46,22.02
2013,2141395.0,1044559.0,1096836.0,684.0,252.0,432.0,0.00032,0.00024,0.00039,1,0,0,15.98,-5.33,5.56,21.31
2013,4499047.0,2235614.0,2263433.0,8899.0,3252.0,5647.0,0.00198,0.00145,0.00249,0,1,0,15.98,-5.33,5.56,21.31
2013,1396779.0000000002,789227.04,607551.96,55397.0,30218.0,25179.0,0.03966,0.03829,0.04144,0,0,1,15.98,-5.33,5.56,21.31
2014,2152472.0,1049875.0,1102597.0,659.0,257.0,402.0,0.00031,0.00024,0.00036,1,0,0,13.33,-0.64,6.93,13.97
2014,4554412.0,2261370.0,2293042.0,8535.0,3089.0,5446.0,0.00187,0.00137,0.00238,0,1,0,13.33,-0.64,6.93,13.97
2014,1430893.0,805170.0399999999,625722.9600000001,54713.0,29623.0,25090.0,0.03824,0.03679,0.0401,0,0,1,13.33,-0.64,6.93,13.97
2015,2162065.0,1054251.0,1107814.0,718.0,254.0,464.0,0.00033,0.00024,0.00042,1,0,0,17.75,-3.21,5.61,20.96
2015,4610036.0,2287671.0,2322365.0,8696.0,3159.0,5537.0,0.00189,0.00138,0.00238,0,1,0,17.75,-3.21,5.61,20.96
2015,1463913.0,820868.04,643044.96,58186.0,31534.0,26652.0,0.03975,0.03842,0.04145,0,0,1,17.75,-3.21,5.61,20.96
2016,2171551.0,1058150.0,1113401.0,619.0,271.0,348.0,0.00029,0.00026,0.00031,1,0,0,15.09,-1.11,4.98,16.2
2016,4660523.0,2312079.0,2348444.0,8390.0,3147.0,5243.0,0.0018,0.00136,0.00223,0,1,0,15.09,-1.11,4.98,16.2
2016,1493619.0,834566.0399999998,659052.9599999998,55838.0,30220.0,25618.0,0.03738,0.03621,0.03887,0,0,1,15.09,-1.11,4.98,16.2
2017,2187001.0,1062296.0,1124705.0,649.0,236.0,413.0,0.0003,0.00022,0.00037,1,0,0,15.46,-5.16,6.1,20.62
2017,4709490.0,2335368.0,2374122.0,8426.0,3008.0,5418.0,0.00179,0.00129,0.00228,0,1,0,15.46,-5.16,6.1,20.62
2017,1521923.9999999998,847772.04,674151.9600000001,57896.0,31321.0,26575.0,0.03804,0.03695,0.03942,0,0,1,15.46,-5.16,6.1,20.62
2018,2189203.0,1062693.0,1126510.0,669.0,270.0,399.0,0.00031,0.00025,0.00035,1,0,0,16.23,-5.21,7.93,21.44
2018,4744562.0,2353624.0,2390938.0,8458.0,3190.0,5268.0,0.00178,0.00136,0.0022,0,1,0,16.23,-5.21,7.93,21.44
2018,1549552.0000000002,860886.04,688665.96,57961.0,31231.0,26730.0,0.03741,0.03628,0.03881,0,0,1,16.23,-5.21,7.93,21.44
2019,2192903.0,1064773.0,1128130.0,626.0,246.0,380.0,0.00029,0.00023,0.00034,1,0,0,16.21,-4.38,5.3,20.59
2019,4774323.0,2368383.0,2405940.0,8115.0,3017.0,5098.0,0.0017,0.00127,0.00212,0,1,0,16.21,-4.38,5.3,20.59
2019,1576781.0,873926.0399999999,702854.96,59039.0,31762.0,27277.0,0.03744,0.03634,0.03881,0,0,1,16.21,-4.38,5.3,20.59
2020,2196701.0,1066762.0,1129939.0,692.0,261.0,431.0,0.00032,0.00024,0.00038,1,0,0,15.4,-1.21,6.5,16.61
2020,4803532.0,2382612.0,2420920.0,8430.0,3052.0,5378.0,0.00175,0.00128,0.00222,0,1,0,15.4,-1.21,6.5,16.61
2020,1605489.0,887597.04,717891.96,67073.0,35257.0,31816.0,0.04178,0.03972,0.04432,0,0,1,15.4,-1.21,6.5,16.61
2021,2204482.0,1069988.0,1134494.0,627.0,235.0,392.0,0.00028,0.00022,0.00035,1,0,0,14.37,-3.57,4.56,17.94
2021,4836148.0,2398506.0,2437642.0,8632.0,3121.0,5511.0,0.00178,0.0013,0.00226,0,1,0,14.37,-3.57,4.56,17.94
2021,1629456.0,899071.0399999999,730384.9599999998,61933.0,32729.0,29204.0,0.03801,0.0364,0.03998,0,0,1,14.37,-3.57,4.56,17.94
2022,2214500.0,1074832.0,1139668.0,658.0,260.0,398.0,0.0003,0.00024,0.00035,1,0,0,16.96,-1.49,7.35,18.45
2022,4862972.0,2411583.0,2451389.0,8516.0,3099.0,5417.0,0.00175,0.00129,0.00221,0,1,0,16.96,-1.49,7.35,18.45
2022,1661214.9999999998,914109.04,747105.96,65251.0,34627.0,30624.0,0.03928,0.03788,0.04099,0,0,1,16.96,-1.49,7.35,18.45
